﻿Daily Page,Date,Win,Workout,Slept 7+hours,Protein Intake in g,Content,Notes,PARA,Tasks
Daily Page,"November 2, 2025",,,No,,,,,
Daily Page,"November 3, 2025",,,No,,,,,
Daily Page,"November 4, 2025",,,No,,,,,
Daily Page,"November 5, 2025",,,No,,,,,
Daily Page,"November 5, 2025",,,No,,,,,Contact Ty from USA Cares to see if you can connect and find out about any resources. (SB_Tasks/Contact%20Ty%20from%20USA%20Cares%20to%20see%20if%20you%20can%20connec%202a2945fa575080339ef4dbb053bdee7a.csv)