﻿Name,Category,Deadline,Content,Created time,Daily Page,Notes,PARA,Status,Tasks
Car,Area,,,"November 3, 2025 12:01 PM",,,,Active,Renew car insurance  (My%20Second%20Brain%2011%2005%202025/SB_Tasks/Renew%20car%20insurance%202a0945fa57508163b15dd2b48c238986.md)
Finances,Area,,,"November 3, 2025 12:01 PM",,,,Active,
Health,Area,,,"November 3, 2025 12:01 PM",,,,Active,Sign up for 10k (My%20Second%20Brain%2011%2005%202025/SB_Tasks/Sign%20up%20for%2010k%202a0945fa57508123ba3ec01fbeb16500.md)
Home,Area,,,"November 3, 2025 12:01 PM",,,,Active,Water the plants (My%20Second%20Brain%2011%2005%202025/SB_Tasks/Water%20the%20plants%202a0945fa5750812ca5a7f241b2e862b8.md)
Kids,Area,,,"November 3, 2025 12:01 PM",,,,Active,
Pet(s),Area,,,"November 3, 2025 12:01 PM",,,,Active,
Travel,Area,,,"November 3, 2025 12:01 PM",,,,Active,